CREATE TABLE days (
    id smallint PRIMARY KEY,
    name varchar(12)
);

INSERT INTO days (id, name) VALUES
    (1, 'Primidi'),
    (2, 'Duodi'),
    (3, 'Tridi'),
    (4, 'Quartidi'),
    (5, 'Quintidi'),
    (6, 'Sextidi'),
    (7, 'Septidi'),
    (8, 'Octidi'),
    (9, 'Nonidi'),
    (10, 'Décadi'),
    (11, 'Primidi'),
    (12, 'Duodi'),
    (13, 'Tridi'),
    (14, 'Quartidi'),
    (15, 'Quintidi'),
    (16, 'Sextidi'),
    (17, 'Septidi'),
    (18, 'Octidi'),
    (19, 'Nonidi'),
    (20, 'Décadi'),
    (21, 'Primidi'),
    (22, 'Duodi'),
    (23, 'Tridi'),
    (24, 'Quartidi'),
    (25, 'Quintidi'),
    (26, 'Sextidi'),
    (27, 'Septidi'),
    (28, 'Octidi'),
    (29, 'Nonidi'),
    (30, 'Décadi');

CREATE TABLE months (
    id smallint PRIMARY KEY,
    name varchar(24),
    meaning varchar(24)
);

INSERT INTO months VALUES
    (1, 'Vendémiaire', 'Grapes'),
    (2, 'Brumaire', 'Mist'),
    (3, 'Frimaire', 'Frost'),
    (4, 'Nivôse', 'Snow'),
    (5, 'Pluviôse', 'Rain'),
    (6, 'Ventôse', 'Wind'),
    (7, 'Germinal', 'Sprouting'),
    (8, 'Floréal', 'Flowers'),
    (9, 'Prairial', 'Meadows'),
    (10, 'Messidor', 'Harvest'),
    (11, 'Thermidor', 'Summer heat'),
    (12, 'Fructidor', 'Fruit'),
    (13, 'Sansculottides', 'Celebration');

CREATE TABLE days_months (
    day_id smallint references days(id),
    month_id smallint references months(id),
    dedication varchar(125),
    CONSTRAINT day_id_month_id PRIMARY KEY(day_id,month_id)
);

INSERT INTO days_months (day_id, month_id, dedication) VALUES
(1, 1, 'Grape'),
(2, 1, 'Saffron'),
(3, 1, 'Chestnut'),
(4, 1, 'Autumn crocus'),
(5, 1, 'Horse'),
(6, 1, 'Impatiens'),
(7, 1, 'Carrot'),
(8, 1, 'Amaranth'),
(9, 1, 'Parsnip'),
(10, 1, 'Vat'),
(11, 1, 'Potato'),
(12, 1, 'Strawflower'),
(13, 1, 'Winter squash'),
(14, 1, 'Mignonette'),
(15, 1, 'Donkey'),
(16, 1, 'Four o''clock flower'),
(17, 1, 'Pumpkin'),
(18, 1, 'Buckwheat'),
(19, 1, 'Sunflower'),
(20, 1, 'Wine-press'),
(21, 1, 'Hemp'),
(22, 1, 'Peach'),
(23, 1, 'Turnip'),
(24, 1, 'Amaryllis'),
(25, 1, 'Ox'),
(26, 1, 'Eggplant'),
(27, 1, 'Chili pepper'),
(28, 1, 'Tomato'),
(29, 1, 'Barley'),
(30, 1, 'Barrel'),
(1, 2, 'Apple'),
(2, 2, 'Celery'),
(3, 2, 'Pear'),
(4, 2, 'Beetroot'),
(5, 2, 'Goose'),
(6, 2, 'Heliotrope'),
(7, 2, 'Common fig'),
(8, 2, 'Black Salsify'),
(9, 2, 'Chequer Tree'),
(10, 2, 'Plough'),
(11, 2, 'Salsify'),
(12, 2, 'Walter caltrop'),
(13, 2, 'Jerusalem artichoke'),
(14, 2, 'Endive'),
(15, 2, 'Turkey'),
(16, 2, 'Skirret'),
(17, 2, 'Watercress'),
(18, 2, 'Leadworts'),
(19, 2, 'Pomegranate'),
(20, 2, 'Harrow'),
(21, 2, 'Baccharis'),
(22, 2, 'Azarole'),
(23, 2, 'Madder'),
(24, 2, 'Orange'),
(25, 2, 'Pheasant'),
(26, 2, 'Pistachio Nut'),
(27, 2, 'Tuberous pea'),
(28, 2, 'Quince'),
(29, 2, 'Service tree'),
(30, 2, 'Roller'),
(1, 3, 'Rampion'),
(2, 3, 'Cattle turnip'),
(3, 3, 'Chicory'),
(4, 3, 'Medlar'),
(5, 3, 'Pig'),
(6, 3, 'Lamb''s lettuce'),
(7, 3, 'Cauliflower'),
(8, 3, 'Honey'),
(9, 3, 'Juniper'),
(10, 3, 'Pickaxe'),
(11, 3, 'Wax'),
(12, 3, 'Horseradish'),
(13, 3, 'Cedar tree'),
(14, 3, 'Fir'),
(15, 3, 'Roe deer'),
(16, 3, 'Gorse'),
(17, 3, 'Cypress Tree'),
(18, 3, 'Ivy'),
(19, 3, 'Savin Juniper'),
(20, 3, 'Fork hoe'),
(21, 3, 'Sugar Maple'),
(22, 3, 'Heather'),
(23, 3, 'Reed plant'),
(24, 3, 'Sorrel'),
(25, 3, 'Cricket'),
(26, 3, 'Pine nut'),
(27, 3, 'Cork'),
(28, 3, 'Truffle'),
(29, 3, 'Olive'),
(30, 3, 'Shovel'),
(1, 4, 'Peat'),
(2, 4, 'Coal'),
(3, 4, 'Bitumen'),
(4, 4, 'Sulphur'),
(5, 4, 'Dog'),
(6, 4, 'Lava'),
(7, 4, 'Topsoil'),
(8, 4, 'Manure'),
(9, 4, 'Saltpeter'),
(10, 4, 'Flail'),
(11, 4, 'Granite'),
(12, 4, 'Clay'),
(13, 4, 'Slate'),
(14, 4, 'Sandstone'),
(15, 4, 'Rabbit'),
(16, 4, 'Flint'),
(17, 4, 'Marl'),
(18, 4, 'Limestone'),
(19, 4, 'Marble'),
(20, 4, 'Winnowing fan'),
(21, 4, 'Gypsum'),
(22, 4, 'Salt'),
(23, 4, 'Iron'),
(24, 4, 'Copper'),
(25, 4, 'Cat'),
(26, 4, 'Tin'),
(27, 4, 'Lead'),
(28, 4, 'Zinc'),
(29, 4, 'Mercury'),
(30, 4, 'Sieve'),
(1, 5, 'Spurge-laurel'),
(2, 5, 'Moss'),
(3, 5, 'Butcher''s Broom'),
(4, 5, 'Snowdrop'),
(5, 5, 'Bull'),
(6, 5, 'Laurustinus'),
(7, 5, 'Tinder polypore'),
(8, 5, 'Daphne mezereum'),
(9, 5, 'Poplar'),
(10, 5, 'Axe'),
(11, 5, 'Hellebore'),
(12, 5, 'Broccoli'),
(13, 5, 'Bay laurel'),
(14, 5, 'Filbert'),
(15, 5, 'Cow'),
(16, 5, 'Box Tree'),
(17, 5, 'Lichen'),
(18, 5, 'Yew tree'),
(19, 5, 'Lungwort'),
(20, 5, 'Billhook'),
(21, 5, 'Pennycress'),
(22, 5, 'Rose Daphne'),
(23, 5, 'Couch grass'),
(24, 5, 'Common Knotgrass'),
(25, 5, 'Hare'),
(26, 5, 'Woad'),
(27, 5, 'Hazel'),
(28, 5, 'Cyclamen'),
(29, 5, 'Celandine'),
(30, 5, 'Sleigh'),
(1, 6, 'Coltsfoot'),
(2, 6, 'Dogwood'),
(3, 6, 'Matthiola'),
(4, 6, 'Privet'),
(5, 6, 'Billygoat'),
(6, 6, 'Wild Ginger'),
(7, 6, 'Italian Buckthorn'),
(8, 6, 'Violet'),
(9, 6, 'Goat Willow'),
(10, 6, 'Spade'),
(11, 6, 'Narcissus'),
(12, 6, 'Elm'),
(13, 6, 'Common fumitory'),
(14, 6, 'Hedge mustard'),
(15, 6, 'Goat'),
(16, 6, 'Spinach'),
(17, 6, 'Doronicum'),
(18, 6, 'Pimpernel'),
(19, 6, 'Chervil'),
(20, 6, 'Twine'),
(21, 6, 'Mandrake'),
(22, 6, 'Parsley'),
(23, 6, 'Scurvy-grass'),
(24, 6, 'Daisy'),
(25, 6, 'Tuna'),
(26, 6, 'Dandelion'),
(27, 6, 'Wood Anenome'),
(28, 6, 'Maidenhair fern'),
(29, 6, 'Ash tree'),
(30, 6, 'Dibber'),
(1, 7, 'Primrose'),
(2, 7, 'Plane Tree'),
(3, 7, 'Asparagus'),
(4, 7, 'Tulip'),
(5, 7, 'Hen'),
(6, 7, 'Chard'),
(7, 7, 'Birch'),
(8, 7, 'Daffodil'),
(9, 7, 'Alder'),
(10, 7, 'Incubator'),
(11, 7, 'Periwinkle'),
(12, 7, 'Hornbeam'),
(13, 7, 'Morel'),
(14, 7, 'Beech Tree'),
(15, 7, 'Bee'),
(16, 7, 'Lettuce'),
(17, 7, 'Larch'),
(18, 7, 'Hemlock'),
(19, 7, 'Radish'),
(20, 7, 'Beehive'),
(21, 7, 'Judas tree'),
(22, 7, 'Romaine lettuce'),
(23, 7, 'Horse chestnut'),
(24, 7, 'Arugula or Rocket'),
(25, 7, 'Pigeon'),
(26, 7, 'Lilac'),
(27, 7, 'Anenmone'),
(28, 7, 'Pansy'),
(29, 7, 'Bilberry'),
(30, 7, 'Grafting knife'),
(1, 8, 'Rose'),
(2, 8, 'Oak Tree'),
(3, 8, 'Fern'),
(4, 8, 'Hawthorn'),
(5, 8, 'Nightingale'),
(6, 8, 'Common Columbine'),
(7, 8, 'Lily of the valley'),
(8, 8, 'Button mushroom'),
(9, 8, 'Hyacinth'),
(10, 8, 'Rake'),
(11, 8, 'Rhubarb'),
(12, 8, 'Sainfoin'),
(13, 8, 'Wallflower'),
(14, 8, 'Fan Palm tree'),
(15, 8, 'Silkworm'),
(16, 8, 'Comfrey'),
(17, 8, 'Salad burnet'),
(18, 8, 'Basket of Gold'),
(19, 8, 'Orache'),
(20, 8, 'Weeding hoe'),
(21, 8, 'Sea thrift'),
(22, 8, 'Fritillary'),
(23, 8, 'Borage'),
(24, 8, 'Valerian'),
(25, 8, 'Carp'),
(26, 8, 'Euonymus'),
(27, 8, 'Chives'),
(28, 8, 'Bugloss'),
(29, 8, 'White mustard'),
(30, 8, 'Shepherd''s crook'),
(1, 9, 'Lucerne'),
(2, 9, 'Daylily'),
(3, 9, 'Clover'),
(4, 9, 'Angelica'),
(5, 9, 'Duck'),
(6, 9, 'Lemon balm'),
(7, 9, 'Oat grass'),
(8, 9, 'Martagon lily'),
(9, 9, 'Wild Thyme'),
(10, 9, 'Scythe'),
(11, 9, 'Strawberry'),
(12, 9, 'Betony'),
(13, 9, 'Pea'),
(14, 9, 'Acacia'),
(15, 9, 'Quail'),
(16, 9, 'Carnation'),
(17, 9, 'Elderberry'),
(18, 9, 'Poppy plant'),
(19, 9, 'Linden or Lime tree'),
(20, 9, 'Pitchfork'),
(21, 9, 'Cornflower'),
(22, 9, 'Camomile'),
(23, 9, 'Honeysuckle'),
(24, 9, 'Bedstraw'),
(25, 9, 'Tench'),
(26, 9, 'Jasmine'),
(27, 9, 'Vervain'),
(28, 9, 'Thyme'),
(29, 9, 'Peony'),
(30, 9, 'Handcart'),
(1, 10, 'Rye'),
(2, 10, 'Oat'),
(3, 10, 'Onion'),
(4, 10, 'Speedwell'),
(5, 10, 'Mule'),
(6, 10, 'Rosemary'),
(7, 10, 'Cucumber'),
(8, 10, 'Shallot'),
(9, 10, 'Wormwood'),
(10, 10, 'Sickle'),
(11, 10, 'Coriander'),
(12, 10, 'Artichoke'),
(13, 10, 'Clove'),
(14, 10, 'Lavendar'),
(15, 10, 'Chamois'),
(16, 10, 'Tobacco'),
(17, 10, 'Redcurrant'),
(18, 10, 'Hairy Vetchling'),
(19, 10, 'Cherry'),
(20, 10, 'Livestock pen'),
(21, 10, 'Mint'),
(22, 10, 'Cumin'),
(23, 10, 'Bean'),
(24, 10, 'Alkanet'),
(25, 10, 'Guineafowl'),
(26, 10, 'Sage'),
(27, 10, 'Garlic'),
(28, 10, 'Tare'),
(29, 10, 'Wheat'),
(30, 10, 'Shawm'),
(1, 11, 'Spelt'),
(2, 11, 'Common mullein'),
(3, 11, 'Melon'),
(4, 11, 'Ryegrass'),
(5, 11, 'Ram'),
(6, 11, 'Horsetail'),
(7, 11, 'Mugwort'),
(8, 11, 'Safflower'),
(9, 11, 'Blackberry'),
(10, 11, 'Watering can'),
(11, 11, 'Foxtail millet'),
(12, 11, 'Common Glasswort'),
(13, 11, 'Apricot'),
(14, 11, 'Basil'),
(15, 11, 'Ewe'),
(16, 11, 'Marshmallow'),
(17, 11, 'Flax'),
(18, 11, 'Almond'),
(19, 11, 'Gentian'),
(20, 11, 'Lock'),
(21, 11, 'Carline thistle'),
(22, 11, 'Caper'),
(23, 11, 'Lentil'),
(24, 11, 'Inula'),
(25, 11, 'Otter'),
(26, 11, 'Myrtle'),
(27, 11, 'Rapeseed'),
(28, 11, 'Lupin'),
(29, 11, 'Cotton'),
(30, 11, 'Mill'),
(1, 12, 'Plum'),
(2, 12, 'Millet'),
(3, 12, 'Puffball'),
(4, 12, 'Six-row Barley'),
(5, 12, 'Salmon'),
(6, 12, 'Tuberose'),
(7, 12, 'Winter Barley'),
(8, 12, 'Apocynum'),
(9, 12, 'Liquorice'),
(10, 12, 'Ladder'),
(11, 12, 'Watermelon'),
(12, 12, 'Fennel'),
(13, 12, 'European Barberry'),
(14, 12, 'Walnut'),
(15, 12, 'Trout'),
(16, 12, 'Lemon'),
(17, 12, 'Teasel'),
(18, 12, 'Buckthorn'),
(19, 12, 'Mexican Marigold'),
(20, 12, 'Harvesting basket'),
(21, 12, 'Wild Rose'),
(22, 12, 'Hazelnut'),
(23, 12, 'Hops'),
(24, 12, 'Sorghum'),
(25, 12, 'Crayfish'),
(26, 12, 'Bitter orange'),
(27, 12, 'Goldenrod'),
(28, 12, 'Maize'),
(29, 12, 'Sweet Chestnut'),
(30, 12, 'Pack Basket'),
(1, 13, 'Virtue'),
(2, 13, 'Talent'),
(3, 13, 'Labour'),
(4, 13, 'Conviction'),
(5, 13, 'Honour'),
(6, 13, 'Revolution');